id,text,annotation,iteration,KA,overall_KA
0,Congratulations to Sergeant Major Thomas Payne on receiving the Medal of Honor today for his heroism during a 2015 prisoner rescue in Iraq. He's the first recipient of the award in the fight against ISIS. We're proud of and thankful for his service.,1,0,,
1,I’m extremely grateful the @SenateVA included my bill in to expand Fry Scholarships to spouses &amp; children of members of the National Guard and Reserves who died in the line of duty but whose deaths did not occur when the member was on active duty.,1,0,,
2,"While Democrats claim to be the modern-day champions of combating climate change, they also seem to be banking on perpetual sunshine and steady breezes to power their grid.

This unrealistic, politically driven approach irresponsibly puts families and communities at risk.",1,0,,
3,"We must come together to take action now, before we lose any more time to save lives and prevent costly mistakes.",0,0,,
4,"In our nation’s capital, mass protests are allowed, but church gatherings over 100 people are not. I joined @SenatorWicker legal brief arguing DC’s discrimination against houses of worship violates the 1st Amendment #ReligiousFreedom rights of @chbcdc worshipers.",1,0,,
5,"If qualifications are the only thing that matter, President Trump wouldn’t have vowed to only pick justices who would “terminate” our health care law.

Democrats will not stop fighting for Americans’ health care.",0,0,,
6,"Hey @brianschatz @CoryBooker @JeffMerkley it’s showtime. 

Let’s pick a race today where we get a big bang for the buck. Pivotal for Senate control and Electoral College. 

Also find a place where our $ can counteract McConnell’s dark money. 

And let’s set a big goal. 

Ready?",0,0,,
7,"My prayers and my deepest sympathies are with those who have lost loved ones, and those who are living with the long-term health repercussions of the virus.
 
It didn’t have to be this way.",0,0,,
8,News stories with unnamed sources and leaked information about @realDonaldTrump are allowed and amplified by Twitter and Facebook. #TwitterCensorship,1,0,,
9,"#SaveOurSeas 2.0 will improve our nation's ability to respond to #marinedebris events, lead to greater international cooperation on preventing trash from reaching the oceans, and spark innovation to manage and possibly even reuse plastic waste.",1,0,,
0,Congratulations to Sergeant Major Thomas Payne on receiving the Medal of Honor today for his heroism during a 2015 prisoner rescue in Iraq. He's the first recipient of the award in the fight against ISIS. We're proud of and thankful for his service.,1,1,1.0,1.0
1,I’m extremely grateful the @SenateVA included my bill in to expand Fry Scholarships to spouses &amp; children of members of the National Guard and Reserves who died in the line of duty but whose deaths did not occur when the member was on active duty.,1,1,1.0,1.0
2,"While Democrats claim to be the modern-day champions of combating climate change, they also seem to be banking on perpetual sunshine and steady breezes to power their grid.

This unrealistic, politically driven approach irresponsibly puts families and communities at risk.",1,1,1.0,1.0
3,"We must come together to take action now, before we lose any more time to save lives and prevent costly mistakes.",0,1,1.0,1.0
4,"In our nation’s capital, mass protests are allowed, but church gatherings over 100 people are not. I joined @SenatorWicker legal brief arguing DC’s discrimination against houses of worship violates the 1st Amendment #ReligiousFreedom rights of @chbcdc worshipers.",1,1,1.0,1.0
5,"If qualifications are the only thing that matter, President Trump wouldn’t have vowed to only pick justices who would “terminate” our health care law.

Democrats will not stop fighting for Americans’ health care.",0,1,1.0,1.0
6,"Hey @brianschatz @CoryBooker @JeffMerkley it’s showtime. 

Let’s pick a race today where we get a big bang for the buck. Pivotal for Senate control and Electoral College. 

Also find a place where our $ can counteract McConnell’s dark money. 

And let’s set a big goal. 

Ready?",0,1,1.0,1.0
7,"My prayers and my deepest sympathies are with those who have lost loved ones, and those who are living with the long-term health repercussions of the virus.
 
It didn’t have to be this way.",0,1,1.0,1.0
8,News stories with unnamed sources and leaked information about @realDonaldTrump are allowed and amplified by Twitter and Facebook. #TwitterCensorship,1,1,1.0,1.0
9,"#SaveOurSeas 2.0 will improve our nation's ability to respond to #marinedebris events, lead to greater international cooperation on preventing trash from reaching the oceans, and spark innovation to manage and possibly even reuse plastic waste.",1,1,1.0,1.0
0,Congratulations to Sergeant Major Thomas Payne on receiving the Medal of Honor today for his heroism during a 2015 prisoner rescue in Iraq. He's the first recipient of the award in the fight against ISIS. We're proud of and thankful for his service.,1,2,1.0,1.0
1,I’m extremely grateful the @SenateVA included my bill in to expand Fry Scholarships to spouses &amp; children of members of the National Guard and Reserves who died in the line of duty but whose deaths did not occur when the member was on active duty.,1,2,1.0,1.0
2,"While Democrats claim to be the modern-day champions of combating climate change, they also seem to be banking on perpetual sunshine and steady breezes to power their grid.

This unrealistic, politically driven approach irresponsibly puts families and communities at risk.",1,2,1.0,1.0
3,"We must come together to take action now, before we lose any more time to save lives and prevent costly mistakes.",0,2,1.0,1.0
4,"In our nation’s capital, mass protests are allowed, but church gatherings over 100 people are not. I joined @SenatorWicker legal brief arguing DC’s discrimination against houses of worship violates the 1st Amendment #ReligiousFreedom rights of @chbcdc worshipers.",1,2,1.0,1.0
5,"If qualifications are the only thing that matter, President Trump wouldn’t have vowed to only pick justices who would “terminate” our health care law.

Democrats will not stop fighting for Americans’ health care.",0,2,1.0,1.0
6,"Hey @brianschatz @CoryBooker @JeffMerkley it’s showtime. 

Let’s pick a race today where we get a big bang for the buck. Pivotal for Senate control and Electoral College. 

Also find a place where our $ can counteract McConnell’s dark money. 

And let’s set a big goal. 

Ready?",0,2,1.0,1.0
7,"My prayers and my deepest sympathies are with those who have lost loved ones, and those who are living with the long-term health repercussions of the virus.
 
It didn’t have to be this way.",0,2,1.0,1.0
8,News stories with unnamed sources and leaked information about @realDonaldTrump are allowed and amplified by Twitter and Facebook. #TwitterCensorship,1,2,1.0,1.0
9,"#SaveOurSeas 2.0 will improve our nation's ability to respond to #marinedebris events, lead to greater international cooperation on preventing trash from reaching the oceans, and spark innovation to manage and possibly even reuse plastic waste.",1,2,1.0,1.0
0,Congratulations to Sergeant Major Thomas Payne on receiving the Medal of Honor today for his heroism during a 2015 prisoner rescue in Iraq. He's the first recipient of the award in the fight against ISIS. We're proud of and thankful for his service.,1,3,1.0,1.0
1,I’m extremely grateful the @SenateVA included my bill in to expand Fry Scholarships to spouses &amp; children of members of the National Guard and Reserves who died in the line of duty but whose deaths did not occur when the member was on active duty.,1,3,1.0,1.0
2,"While Democrats claim to be the modern-day champions of combating climate change, they also seem to be banking on perpetual sunshine and steady breezes to power their grid.

This unrealistic, politically driven approach irresponsibly puts families and communities at risk.",1,3,1.0,1.0
3,"We must come together to take action now, before we lose any more time to save lives and prevent costly mistakes.",0,3,1.0,1.0
4,"In our nation’s capital, mass protests are allowed, but church gatherings over 100 people are not. I joined @SenatorWicker legal brief arguing DC’s discrimination against houses of worship violates the 1st Amendment #ReligiousFreedom rights of @chbcdc worshipers.",1,3,1.0,1.0
5,"If qualifications are the only thing that matter, President Trump wouldn’t have vowed to only pick justices who would “terminate” our health care law.

Democrats will not stop fighting for Americans’ health care.",0,3,1.0,1.0
6,"Hey @brianschatz @CoryBooker @JeffMerkley it’s showtime. 

Let’s pick a race today where we get a big bang for the buck. Pivotal for Senate control and Electoral College. 

Also find a place where our $ can counteract McConnell’s dark money. 

And let’s set a big goal. 

Ready?",0,3,1.0,1.0
7,"My prayers and my deepest sympathies are with those who have lost loved ones, and those who are living with the long-term health repercussions of the virus.
 
It didn’t have to be this way.",0,3,1.0,1.0
8,News stories with unnamed sources and leaked information about @realDonaldTrump are allowed and amplified by Twitter and Facebook. #TwitterCensorship,1,3,1.0,1.0
9,"#SaveOurSeas 2.0 will improve our nation's ability to respond to #marinedebris events, lead to greater international cooperation on preventing trash from reaching the oceans, and spark innovation to manage and possibly even reuse plastic waste.",1,3,1.0,1.0
0,Congratulations to Sergeant Major Thomas Payne on receiving the Medal of Honor today for his heroism during a 2015 prisoner rescue in Iraq. He's the first recipient of the award in the fight against ISIS. We're proud of and thankful for his service.,1,4,1.0,1.0
1,I’m extremely grateful the @SenateVA included my bill in to expand Fry Scholarships to spouses &amp; children of members of the National Guard and Reserves who died in the line of duty but whose deaths did not occur when the member was on active duty.,1,4,1.0,1.0
2,"While Democrats claim to be the modern-day champions of combating climate change, they also seem to be banking on perpetual sunshine and steady breezes to power their grid.

This unrealistic, politically driven approach irresponsibly puts families and communities at risk.",1,4,1.0,1.0
3,"We must come together to take action now, before we lose any more time to save lives and prevent costly mistakes.",0,4,1.0,1.0
4,"In our nation’s capital, mass protests are allowed, but church gatherings over 100 people are not. I joined @SenatorWicker legal brief arguing DC’s discrimination against houses of worship violates the 1st Amendment #ReligiousFreedom rights of @chbcdc worshipers.",1,4,1.0,1.0
5,"If qualifications are the only thing that matter, President Trump wouldn’t have vowed to only pick justices who would “terminate” our health care law.

Democrats will not stop fighting for Americans’ health care.",0,4,1.0,1.0
6,"Hey @brianschatz @CoryBooker @JeffMerkley it’s showtime. 

Let’s pick a race today where we get a big bang for the buck. Pivotal for Senate control and Electoral College. 

Also find a place where our $ can counteract McConnell’s dark money. 

And let’s set a big goal. 

Ready?",0,4,1.0,1.0
7,"My prayers and my deepest sympathies are with those who have lost loved ones, and those who are living with the long-term health repercussions of the virus.
 
It didn’t have to be this way.",0,4,1.0,1.0
8,News stories with unnamed sources and leaked information about @realDonaldTrump are allowed and amplified by Twitter and Facebook. #TwitterCensorship,1,4,1.0,1.0
9,"#SaveOurSeas 2.0 will improve our nation's ability to respond to #marinedebris events, lead to greater international cooperation on preventing trash from reaching the oceans, and spark innovation to manage and possibly even reuse plastic waste.",1,4,1.0,1.0
0,Congratulations to Sergeant Major Thomas Payne on receiving the Medal of Honor today for his heroism during a 2015 prisoner rescue in Iraq. He's the first recipient of the award in the fight against ISIS. We're proud of and thankful for his service.,1,5,1.0,1.0
1,I’m extremely grateful the @SenateVA included my bill in to expand Fry Scholarships to spouses &amp; children of members of the National Guard and Reserves who died in the line of duty but whose deaths did not occur when the member was on active duty.,1,5,1.0,1.0
2,"While Democrats claim to be the modern-day champions of combating climate change, they also seem to be banking on perpetual sunshine and steady breezes to power their grid.

This unrealistic, politically driven approach irresponsibly puts families and communities at risk.",1,5,1.0,1.0
3,"We must come together to take action now, before we lose any more time to save lives and prevent costly mistakes.",0,5,1.0,1.0
4,"In our nation’s capital, mass protests are allowed, but church gatherings over 100 people are not. I joined @SenatorWicker legal brief arguing DC’s discrimination against houses of worship violates the 1st Amendment #ReligiousFreedom rights of @chbcdc worshipers.",1,5,1.0,1.0
5,"If qualifications are the only thing that matter, President Trump wouldn’t have vowed to only pick justices who would “terminate” our health care law.

Democrats will not stop fighting for Americans’ health care.",0,5,1.0,1.0
6,"Hey @brianschatz @CoryBooker @JeffMerkley it’s showtime. 

Let’s pick a race today where we get a big bang for the buck. Pivotal for Senate control and Electoral College. 

Also find a place where our $ can counteract McConnell’s dark money. 

And let’s set a big goal. 

Ready?",0,5,1.0,1.0
7,"My prayers and my deepest sympathies are with those who have lost loved ones, and those who are living with the long-term health repercussions of the virus.
 
It didn’t have to be this way.",0,5,1.0,1.0
8,News stories with unnamed sources and leaked information about @realDonaldTrump are allowed and amplified by Twitter and Facebook. #TwitterCensorship,1,5,1.0,1.0
9,"#SaveOurSeas 2.0 will improve our nation's ability to respond to #marinedebris events, lead to greater international cooperation on preventing trash from reaching the oceans, and spark innovation to manage and possibly even reuse plastic waste.",1,5,1.0,1.0
0,Congratulations to Sergeant Major Thomas Payne on receiving the Medal of Honor today for his heroism during a 2015 prisoner rescue in Iraq. He's the first recipient of the award in the fight against ISIS. We're proud of and thankful for his service.,1,6,1.0,1.0
1,I’m extremely grateful the @SenateVA included my bill in to expand Fry Scholarships to spouses &amp; children of members of the National Guard and Reserves who died in the line of duty but whose deaths did not occur when the member was on active duty.,1,6,1.0,1.0
2,"While Democrats claim to be the modern-day champions of combating climate change, they also seem to be banking on perpetual sunshine and steady breezes to power their grid.

This unrealistic, politically driven approach irresponsibly puts families and communities at risk.",1,6,1.0,1.0
3,"We must come together to take action now, before we lose any more time to save lives and prevent costly mistakes.",0,6,1.0,1.0
4,"In our nation’s capital, mass protests are allowed, but church gatherings over 100 people are not. I joined @SenatorWicker legal brief arguing DC’s discrimination against houses of worship violates the 1st Amendment #ReligiousFreedom rights of @chbcdc worshipers.",1,6,1.0,1.0
5,"If qualifications are the only thing that matter, President Trump wouldn’t have vowed to only pick justices who would “terminate” our health care law.

Democrats will not stop fighting for Americans’ health care.",0,6,1.0,1.0
6,"Hey @brianschatz @CoryBooker @JeffMerkley it’s showtime. 

Let’s pick a race today where we get a big bang for the buck. Pivotal for Senate control and Electoral College. 

Also find a place where our $ can counteract McConnell’s dark money. 

And let’s set a big goal. 

Ready?",0,6,1.0,1.0
7,"My prayers and my deepest sympathies are with those who have lost loved ones, and those who are living with the long-term health repercussions of the virus.
 
It didn’t have to be this way.",0,6,1.0,1.0
8,News stories with unnamed sources and leaked information about @realDonaldTrump are allowed and amplified by Twitter and Facebook. #TwitterCensorship,1,6,1.0,1.0
9,"#SaveOurSeas 2.0 will improve our nation's ability to respond to #marinedebris events, lead to greater international cooperation on preventing trash from reaching the oceans, and spark innovation to manage and possibly even reuse plastic waste.",1,6,1.0,1.0
0,Congratulations to Sergeant Major Thomas Payne on receiving the Medal of Honor today for his heroism during a 2015 prisoner rescue in Iraq. He's the first recipient of the award in the fight against ISIS. We're proud of and thankful for his service.,1,7,1.0,1.0
1,I’m extremely grateful the @SenateVA included my bill in to expand Fry Scholarships to spouses &amp; children of members of the National Guard and Reserves who died in the line of duty but whose deaths did not occur when the member was on active duty.,1,7,1.0,1.0
2,"While Democrats claim to be the modern-day champions of combating climate change, they also seem to be banking on perpetual sunshine and steady breezes to power their grid.

This unrealistic, politically driven approach irresponsibly puts families and communities at risk.",1,7,1.0,1.0
3,"We must come together to take action now, before we lose any more time to save lives and prevent costly mistakes.",0,7,1.0,1.0
4,"In our nation’s capital, mass protests are allowed, but church gatherings over 100 people are not. I joined @SenatorWicker legal brief arguing DC’s discrimination against houses of worship violates the 1st Amendment #ReligiousFreedom rights of @chbcdc worshipers.",1,7,1.0,1.0
5,"If qualifications are the only thing that matter, President Trump wouldn’t have vowed to only pick justices who would “terminate” our health care law.

Democrats will not stop fighting for Americans’ health care.",0,7,1.0,1.0
6,"Hey @brianschatz @CoryBooker @JeffMerkley it’s showtime. 

Let’s pick a race today where we get a big bang for the buck. Pivotal for Senate control and Electoral College. 

Also find a place where our $ can counteract McConnell’s dark money. 

And let’s set a big goal. 

Ready?",0,7,1.0,1.0
7,"My prayers and my deepest sympathies are with those who have lost loved ones, and those who are living with the long-term health repercussions of the virus.
 
It didn’t have to be this way.",0,7,1.0,1.0
8,News stories with unnamed sources and leaked information about @realDonaldTrump are allowed and amplified by Twitter and Facebook. #TwitterCensorship,1,7,1.0,1.0
9,"#SaveOurSeas 2.0 will improve our nation's ability to respond to #marinedebris events, lead to greater international cooperation on preventing trash from reaching the oceans, and spark innovation to manage and possibly even reuse plastic waste.",1,7,1.0,1.0
0,Congratulations to Sergeant Major Thomas Payne on receiving the Medal of Honor today for his heroism during a 2015 prisoner rescue in Iraq. He's the first recipient of the award in the fight against ISIS. We're proud of and thankful for his service.,1,8,1.0,1.0
1,I’m extremely grateful the @SenateVA included my bill in to expand Fry Scholarships to spouses &amp; children of members of the National Guard and Reserves who died in the line of duty but whose deaths did not occur when the member was on active duty.,1,8,1.0,1.0
2,"While Democrats claim to be the modern-day champions of combating climate change, they also seem to be banking on perpetual sunshine and steady breezes to power their grid.

This unrealistic, politically driven approach irresponsibly puts families and communities at risk.",1,8,1.0,1.0
3,"We must come together to take action now, before we lose any more time to save lives and prevent costly mistakes.",0,8,1.0,1.0
4,"In our nation’s capital, mass protests are allowed, but church gatherings over 100 people are not. I joined @SenatorWicker legal brief arguing DC’s discrimination against houses of worship violates the 1st Amendment #ReligiousFreedom rights of @chbcdc worshipers.",1,8,1.0,1.0
5,"If qualifications are the only thing that matter, President Trump wouldn’t have vowed to only pick justices who would “terminate” our health care law.

Democrats will not stop fighting for Americans’ health care.",0,8,1.0,1.0
6,"Hey @brianschatz @CoryBooker @JeffMerkley it’s showtime. 

Let’s pick a race today where we get a big bang for the buck. Pivotal for Senate control and Electoral College. 

Also find a place where our $ can counteract McConnell’s dark money. 

And let’s set a big goal. 

Ready?",0,8,1.0,1.0
7,"My prayers and my deepest sympathies are with those who have lost loved ones, and those who are living with the long-term health repercussions of the virus.
 
It didn’t have to be this way.",0,8,1.0,1.0
8,News stories with unnamed sources and leaked information about @realDonaldTrump are allowed and amplified by Twitter and Facebook. #TwitterCensorship,1,8,1.0,1.0
9,"#SaveOurSeas 2.0 will improve our nation's ability to respond to #marinedebris events, lead to greater international cooperation on preventing trash from reaching the oceans, and spark innovation to manage and possibly even reuse plastic waste.",1,8,1.0,1.0
0,Congratulations to Sergeant Major Thomas Payne on receiving the Medal of Honor today for his heroism during a 2015 prisoner rescue in Iraq. He's the first recipient of the award in the fight against ISIS. We're proud of and thankful for his service.,1,9,1.0,1.0
1,I’m extremely grateful the @SenateVA included my bill in to expand Fry Scholarships to spouses &amp; children of members of the National Guard and Reserves who died in the line of duty but whose deaths did not occur when the member was on active duty.,1,9,1.0,1.0
2,"While Democrats claim to be the modern-day champions of combating climate change, they also seem to be banking on perpetual sunshine and steady breezes to power their grid.

This unrealistic, politically driven approach irresponsibly puts families and communities at risk.",1,9,1.0,1.0
3,"We must come together to take action now, before we lose any more time to save lives and prevent costly mistakes.",0,9,1.0,1.0
4,"In our nation’s capital, mass protests are allowed, but church gatherings over 100 people are not. I joined @SenatorWicker legal brief arguing DC’s discrimination against houses of worship violates the 1st Amendment #ReligiousFreedom rights of @chbcdc worshipers.",1,9,1.0,1.0
5,"If qualifications are the only thing that matter, President Trump wouldn’t have vowed to only pick justices who would “terminate” our health care law.

Democrats will not stop fighting for Americans’ health care.",0,9,1.0,1.0
6,"Hey @brianschatz @CoryBooker @JeffMerkley it’s showtime. 

Let’s pick a race today where we get a big bang for the buck. Pivotal for Senate control and Electoral College. 

Also find a place where our $ can counteract McConnell’s dark money. 

And let’s set a big goal. 

Ready?",0,9,1.0,1.0
7,"My prayers and my deepest sympathies are with those who have lost loved ones, and those who are living with the long-term health repercussions of the virus.
 
It didn’t have to be this way.",0,9,1.0,1.0
8,News stories with unnamed sources and leaked information about @realDonaldTrump are allowed and amplified by Twitter and Facebook. #TwitterCensorship,1,9,1.0,1.0
9,"#SaveOurSeas 2.0 will improve our nation's ability to respond to #marinedebris events, lead to greater international cooperation on preventing trash from reaching the oceans, and spark innovation to manage and possibly even reuse plastic waste.",1,9,1.0,1.0
0,Congratulations to Sergeant Major Thomas Payne on receiving the Medal of Honor today for his heroism during a 2015 prisoner rescue in Iraq. He's the first recipient of the award in the fight against ISIS. We're proud of and thankful for his service.,1,10,1.0,1.0
1,I’m extremely grateful the @SenateVA included my bill in to expand Fry Scholarships to spouses &amp; children of members of the National Guard and Reserves who died in the line of duty but whose deaths did not occur when the member was on active duty.,1,10,1.0,1.0
2,"While Democrats claim to be the modern-day champions of combating climate change, they also seem to be banking on perpetual sunshine and steady breezes to power their grid.

This unrealistic, politically driven approach irresponsibly puts families and communities at risk.",1,10,1.0,1.0
3,"We must come together to take action now, before we lose any more time to save lives and prevent costly mistakes.",0,10,1.0,1.0
4,"In our nation’s capital, mass protests are allowed, but church gatherings over 100 people are not. I joined @SenatorWicker legal brief arguing DC’s discrimination against houses of worship violates the 1st Amendment #ReligiousFreedom rights of @chbcdc worshipers.",1,10,1.0,1.0
5,"If qualifications are the only thing that matter, President Trump wouldn’t have vowed to only pick justices who would “terminate” our health care law.

Democrats will not stop fighting for Americans’ health care.",0,10,1.0,1.0
6,"Hey @brianschatz @CoryBooker @JeffMerkley it’s showtime. 

Let’s pick a race today where we get a big bang for the buck. Pivotal for Senate control and Electoral College. 

Also find a place where our $ can counteract McConnell’s dark money. 

And let’s set a big goal. 

Ready?",0,10,1.0,1.0
7,"My prayers and my deepest sympathies are with those who have lost loved ones, and those who are living with the long-term health repercussions of the virus.
 
It didn’t have to be this way.",0,10,1.0,1.0
8,News stories with unnamed sources and leaked information about @realDonaldTrump are allowed and amplified by Twitter and Facebook. #TwitterCensorship,1,10,1.0,1.0
9,"#SaveOurSeas 2.0 will improve our nation's ability to respond to #marinedebris events, lead to greater international cooperation on preventing trash from reaching the oceans, and spark innovation to manage and possibly even reuse plastic waste.",1,10,1.0,1.0
0,Congratulations to Sergeant Major Thomas Payne on receiving the Medal of Honor today for his heroism during a 2015 prisoner rescue in Iraq. He's the first recipient of the award in the fight against ISIS. We're proud of and thankful for his service.,1,11,1.0,1.0
1,I’m extremely grateful the @SenateVA included my bill in to expand Fry Scholarships to spouses &amp; children of members of the National Guard and Reserves who died in the line of duty but whose deaths did not occur when the member was on active duty.,1,11,1.0,1.0
2,"While Democrats claim to be the modern-day champions of combating climate change, they also seem to be banking on perpetual sunshine and steady breezes to power their grid.

This unrealistic, politically driven approach irresponsibly puts families and communities at risk.",1,11,1.0,1.0
3,"We must come together to take action now, before we lose any more time to save lives and prevent costly mistakes.",0,11,1.0,1.0
4,"In our nation’s capital, mass protests are allowed, but church gatherings over 100 people are not. I joined @SenatorWicker legal brief arguing DC’s discrimination against houses of worship violates the 1st Amendment #ReligiousFreedom rights of @chbcdc worshipers.",1,11,1.0,1.0
5,"If qualifications are the only thing that matter, President Trump wouldn’t have vowed to only pick justices who would “terminate” our health care law.

Democrats will not stop fighting for Americans’ health care.",0,11,1.0,1.0
6,"Hey @brianschatz @CoryBooker @JeffMerkley it’s showtime. 

Let’s pick a race today where we get a big bang for the buck. Pivotal for Senate control and Electoral College. 

Also find a place where our $ can counteract McConnell’s dark money. 

And let’s set a big goal. 

Ready?",0,11,1.0,1.0
7,"My prayers and my deepest sympathies are with those who have lost loved ones, and those who are living with the long-term health repercussions of the virus.
 
It didn’t have to be this way.",0,11,1.0,1.0
8,News stories with unnamed sources and leaked information about @realDonaldTrump are allowed and amplified by Twitter and Facebook. #TwitterCensorship,1,11,1.0,1.0
9,"#SaveOurSeas 2.0 will improve our nation's ability to respond to #marinedebris events, lead to greater international cooperation on preventing trash from reaching the oceans, and spark innovation to manage and possibly even reuse plastic waste.",1,11,1.0,1.0
0,Congratulations to Sergeant Major Thomas Payne on receiving the Medal of Honor today for his heroism during a 2015 prisoner rescue in Iraq. He's the first recipient of the award in the fight against ISIS. We're proud of and thankful for his service.,1,12,1.0,1.0
1,I’m extremely grateful the @SenateVA included my bill in to expand Fry Scholarships to spouses &amp; children of members of the National Guard and Reserves who died in the line of duty but whose deaths did not occur when the member was on active duty.,1,12,1.0,1.0
2,"While Democrats claim to be the modern-day champions of combating climate change, they also seem to be banking on perpetual sunshine and steady breezes to power their grid.

This unrealistic, politically driven approach irresponsibly puts families and communities at risk.",1,12,1.0,1.0
3,"We must come together to take action now, before we lose any more time to save lives and prevent costly mistakes.",0,12,1.0,1.0
4,"In our nation’s capital, mass protests are allowed, but church gatherings over 100 people are not. I joined @SenatorWicker legal brief arguing DC’s discrimination against houses of worship violates the 1st Amendment #ReligiousFreedom rights of @chbcdc worshipers.",1,12,1.0,1.0
5,"If qualifications are the only thing that matter, President Trump wouldn’t have vowed to only pick justices who would “terminate” our health care law.

Democrats will not stop fighting for Americans’ health care.",0,12,1.0,1.0
6,"Hey @brianschatz @CoryBooker @JeffMerkley it’s showtime. 

Let’s pick a race today where we get a big bang for the buck. Pivotal for Senate control and Electoral College. 

Also find a place where our $ can counteract McConnell’s dark money. 

And let’s set a big goal. 

Ready?",0,12,1.0,1.0
7,"My prayers and my deepest sympathies are with those who have lost loved ones, and those who are living with the long-term health repercussions of the virus.
 
It didn’t have to be this way.",0,12,1.0,1.0
8,News stories with unnamed sources and leaked information about @realDonaldTrump are allowed and amplified by Twitter and Facebook. #TwitterCensorship,1,12,1.0,1.0
9,"#SaveOurSeas 2.0 will improve our nation's ability to respond to #marinedebris events, lead to greater international cooperation on preventing trash from reaching the oceans, and spark innovation to manage and possibly even reuse plastic waste.",1,12,1.0,1.0
0,Congratulations to Sergeant Major Thomas Payne on receiving the Medal of Honor today for his heroism during a 2015 prisoner rescue in Iraq. He's the first recipient of the award in the fight against ISIS. We're proud of and thankful for his service.,1,13,1.0,1.0
1,I’m extremely grateful the @SenateVA included my bill in to expand Fry Scholarships to spouses &amp; children of members of the National Guard and Reserves who died in the line of duty but whose deaths did not occur when the member was on active duty.,1,13,1.0,1.0
2,"While Democrats claim to be the modern-day champions of combating climate change, they also seem to be banking on perpetual sunshine and steady breezes to power their grid.

This unrealistic, politically driven approach irresponsibly puts families and communities at risk.",1,13,1.0,1.0
3,"We must come together to take action now, before we lose any more time to save lives and prevent costly mistakes.",0,13,1.0,1.0
4,"In our nation’s capital, mass protests are allowed, but church gatherings over 100 people are not. I joined @SenatorWicker legal brief arguing DC’s discrimination against houses of worship violates the 1st Amendment #ReligiousFreedom rights of @chbcdc worshipers.",1,13,1.0,1.0
5,"If qualifications are the only thing that matter, President Trump wouldn’t have vowed to only pick justices who would “terminate” our health care law.

Democrats will not stop fighting for Americans’ health care.",0,13,1.0,1.0
6,"Hey @brianschatz @CoryBooker @JeffMerkley it’s showtime. 

Let’s pick a race today where we get a big bang for the buck. Pivotal for Senate control and Electoral College. 

Also find a place where our $ can counteract McConnell’s dark money. 

And let’s set a big goal. 

Ready?",0,13,1.0,1.0
7,"My prayers and my deepest sympathies are with those who have lost loved ones, and those who are living with the long-term health repercussions of the virus.
 
It didn’t have to be this way.",0,13,1.0,1.0
8,News stories with unnamed sources and leaked information about @realDonaldTrump are allowed and amplified by Twitter and Facebook. #TwitterCensorship,1,13,1.0,1.0
9,"#SaveOurSeas 2.0 will improve our nation's ability to respond to #marinedebris events, lead to greater international cooperation on preventing trash from reaching the oceans, and spark innovation to manage and possibly even reuse plastic waste.",1,13,1.0,1.0
0,Congratulations to Sergeant Major Thomas Payne on receiving the Medal of Honor today for his heroism during a 2015 prisoner rescue in Iraq. He's the first recipient of the award in the fight against ISIS. We're proud of and thankful for his service.,1,14,1.0,1.0
1,I’m extremely grateful the @SenateVA included my bill in to expand Fry Scholarships to spouses &amp; children of members of the National Guard and Reserves who died in the line of duty but whose deaths did not occur when the member was on active duty.,1,14,1.0,1.0
2,"While Democrats claim to be the modern-day champions of combating climate change, they also seem to be banking on perpetual sunshine and steady breezes to power their grid.

This unrealistic, politically driven approach irresponsibly puts families and communities at risk.",1,14,1.0,1.0
3,"We must come together to take action now, before we lose any more time to save lives and prevent costly mistakes.",0,14,1.0,1.0
4,"In our nation’s capital, mass protests are allowed, but church gatherings over 100 people are not. I joined @SenatorWicker legal brief arguing DC’s discrimination against houses of worship violates the 1st Amendment #ReligiousFreedom rights of @chbcdc worshipers.",1,14,1.0,1.0
5,"If qualifications are the only thing that matter, President Trump wouldn’t have vowed to only pick justices who would “terminate” our health care law.

Democrats will not stop fighting for Americans’ health care.",0,14,1.0,1.0
6,"Hey @brianschatz @CoryBooker @JeffMerkley it’s showtime. 

Let’s pick a race today where we get a big bang for the buck. Pivotal for Senate control and Electoral College. 

Also find a place where our $ can counteract McConnell’s dark money. 

And let’s set a big goal. 

Ready?",0,14,1.0,1.0
7,"My prayers and my deepest sympathies are with those who have lost loved ones, and those who are living with the long-term health repercussions of the virus.
 
It didn’t have to be this way.",0,14,1.0,1.0
8,News stories with unnamed sources and leaked information about @realDonaldTrump are allowed and amplified by Twitter and Facebook. #TwitterCensorship,1,14,1.0,1.0
9,"#SaveOurSeas 2.0 will improve our nation's ability to respond to #marinedebris events, lead to greater international cooperation on preventing trash from reaching the oceans, and spark innovation to manage and possibly even reuse plastic waste.",1,14,1.0,1.0
0,Congratulations to Sergeant Major Thomas Payne on receiving the Medal of Honor today for his heroism during a 2015 prisoner rescue in Iraq. He's the first recipient of the award in the fight against ISIS. We're proud of and thankful for his service.,1,15,1.0,1.0
1,I’m extremely grateful the @SenateVA included my bill in to expand Fry Scholarships to spouses &amp; children of members of the National Guard and Reserves who died in the line of duty but whose deaths did not occur when the member was on active duty.,1,15,1.0,1.0
2,"While Democrats claim to be the modern-day champions of combating climate change, they also seem to be banking on perpetual sunshine and steady breezes to power their grid.

This unrealistic, politically driven approach irresponsibly puts families and communities at risk.",1,15,1.0,1.0
3,"We must come together to take action now, before we lose any more time to save lives and prevent costly mistakes.",0,15,1.0,1.0
4,"In our nation’s capital, mass protests are allowed, but church gatherings over 100 people are not. I joined @SenatorWicker legal brief arguing DC’s discrimination against houses of worship violates the 1st Amendment #ReligiousFreedom rights of @chbcdc worshipers.",1,15,1.0,1.0
5,"If qualifications are the only thing that matter, President Trump wouldn’t have vowed to only pick justices who would “terminate” our health care law.

Democrats will not stop fighting for Americans’ health care.",0,15,1.0,1.0
6,"Hey @brianschatz @CoryBooker @JeffMerkley it’s showtime. 

Let’s pick a race today where we get a big bang for the buck. Pivotal for Senate control and Electoral College. 

Also find a place where our $ can counteract McConnell’s dark money. 

And let’s set a big goal. 

Ready?",0,15,1.0,1.0
7,"My prayers and my deepest sympathies are with those who have lost loved ones, and those who are living with the long-term health repercussions of the virus.
 
It didn’t have to be this way.",0,15,1.0,1.0
8,News stories with unnamed sources and leaked information about @realDonaldTrump are allowed and amplified by Twitter and Facebook. #TwitterCensorship,1,15,1.0,1.0
9,"#SaveOurSeas 2.0 will improve our nation's ability to respond to #marinedebris events, lead to greater international cooperation on preventing trash from reaching the oceans, and spark innovation to manage and possibly even reuse plastic waste.",1,15,1.0,1.0
0,Congratulations to Sergeant Major Thomas Payne on receiving the Medal of Honor today for his heroism during a 2015 prisoner rescue in Iraq. He's the first recipient of the award in the fight against ISIS. We're proud of and thankful for his service.,1,16,1.0,1.0
1,I’m extremely grateful the @SenateVA included my bill in to expand Fry Scholarships to spouses &amp; children of members of the National Guard and Reserves who died in the line of duty but whose deaths did not occur when the member was on active duty.,1,16,1.0,1.0
2,"While Democrats claim to be the modern-day champions of combating climate change, they also seem to be banking on perpetual sunshine and steady breezes to power their grid.

This unrealistic, politically driven approach irresponsibly puts families and communities at risk.",1,16,1.0,1.0
3,"We must come together to take action now, before we lose any more time to save lives and prevent costly mistakes.",0,16,1.0,1.0
4,"In our nation’s capital, mass protests are allowed, but church gatherings over 100 people are not. I joined @SenatorWicker legal brief arguing DC’s discrimination against houses of worship violates the 1st Amendment #ReligiousFreedom rights of @chbcdc worshipers.",1,16,1.0,1.0
5,"If qualifications are the only thing that matter, President Trump wouldn’t have vowed to only pick justices who would “terminate” our health care law.

Democrats will not stop fighting for Americans’ health care.",0,16,1.0,1.0
6,"Hey @brianschatz @CoryBooker @JeffMerkley it’s showtime. 

Let’s pick a race today where we get a big bang for the buck. Pivotal for Senate control and Electoral College. 

Also find a place where our $ can counteract McConnell’s dark money. 

And let’s set a big goal. 

Ready?",0,16,1.0,1.0
7,"My prayers and my deepest sympathies are with those who have lost loved ones, and those who are living with the long-term health repercussions of the virus.
 
It didn’t have to be this way.",0,16,1.0,1.0
8,News stories with unnamed sources and leaked information about @realDonaldTrump are allowed and amplified by Twitter and Facebook. #TwitterCensorship,1,16,1.0,1.0
9,"#SaveOurSeas 2.0 will improve our nation's ability to respond to #marinedebris events, lead to greater international cooperation on preventing trash from reaching the oceans, and spark innovation to manage and possibly even reuse plastic waste.",1,16,1.0,1.0
0,Congratulations to Sergeant Major Thomas Payne on receiving the Medal of Honor today for his heroism during a 2015 prisoner rescue in Iraq. He's the first recipient of the award in the fight against ISIS. We're proud of and thankful for his service.,1,17,1.0,1.0
1,I’m extremely grateful the @SenateVA included my bill in to expand Fry Scholarships to spouses &amp; children of members of the National Guard and Reserves who died in the line of duty but whose deaths did not occur when the member was on active duty.,1,17,1.0,1.0
2,"While Democrats claim to be the modern-day champions of combating climate change, they also seem to be banking on perpetual sunshine and steady breezes to power their grid.

This unrealistic, politically driven approach irresponsibly puts families and communities at risk.",1,17,1.0,1.0
3,"We must come together to take action now, before we lose any more time to save lives and prevent costly mistakes.",0,17,1.0,1.0
4,"In our nation’s capital, mass protests are allowed, but church gatherings over 100 people are not. I joined @SenatorWicker legal brief arguing DC’s discrimination against houses of worship violates the 1st Amendment #ReligiousFreedom rights of @chbcdc worshipers.",1,17,1.0,1.0
5,"If qualifications are the only thing that matter, President Trump wouldn’t have vowed to only pick justices who would “terminate” our health care law.

Democrats will not stop fighting for Americans’ health care.",0,17,1.0,1.0
6,"Hey @brianschatz @CoryBooker @JeffMerkley it’s showtime. 

Let’s pick a race today where we get a big bang for the buck. Pivotal for Senate control and Electoral College. 

Also find a place where our $ can counteract McConnell’s dark money. 

And let’s set a big goal. 

Ready?",0,17,1.0,1.0
7,"My prayers and my deepest sympathies are with those who have lost loved ones, and those who are living with the long-term health repercussions of the virus.
 
It didn’t have to be this way.",0,17,1.0,1.0
8,News stories with unnamed sources and leaked information about @realDonaldTrump are allowed and amplified by Twitter and Facebook. #TwitterCensorship,1,17,1.0,1.0
9,"#SaveOurSeas 2.0 will improve our nation's ability to respond to #marinedebris events, lead to greater international cooperation on preventing trash from reaching the oceans, and spark innovation to manage and possibly even reuse plastic waste.",1,17,1.0,1.0
0,Congratulations to Sergeant Major Thomas Payne on receiving the Medal of Honor today for his heroism during a 2015 prisoner rescue in Iraq. He's the first recipient of the award in the fight against ISIS. We're proud of and thankful for his service.,1,18,1.0,1.0
1,I’m extremely grateful the @SenateVA included my bill in to expand Fry Scholarships to spouses &amp; children of members of the National Guard and Reserves who died in the line of duty but whose deaths did not occur when the member was on active duty.,1,18,1.0,1.0
2,"While Democrats claim to be the modern-day champions of combating climate change, they also seem to be banking on perpetual sunshine and steady breezes to power their grid.

This unrealistic, politically driven approach irresponsibly puts families and communities at risk.",1,18,1.0,1.0
3,"We must come together to take action now, before we lose any more time to save lives and prevent costly mistakes.",0,18,1.0,1.0
4,"In our nation’s capital, mass protests are allowed, but church gatherings over 100 people are not. I joined @SenatorWicker legal brief arguing DC’s discrimination against houses of worship violates the 1st Amendment #ReligiousFreedom rights of @chbcdc worshipers.",1,18,1.0,1.0
5,"If qualifications are the only thing that matter, President Trump wouldn’t have vowed to only pick justices who would “terminate” our health care law.

Democrats will not stop fighting for Americans’ health care.",0,18,1.0,1.0
6,"Hey @brianschatz @CoryBooker @JeffMerkley it’s showtime. 

Let’s pick a race today where we get a big bang for the buck. Pivotal for Senate control and Electoral College. 

Also find a place where our $ can counteract McConnell’s dark money. 

And let’s set a big goal. 

Ready?",0,18,1.0,1.0
7,"My prayers and my deepest sympathies are with those who have lost loved ones, and those who are living with the long-term health repercussions of the virus.
 
It didn’t have to be this way.",0,18,1.0,1.0
8,News stories with unnamed sources and leaked information about @realDonaldTrump are allowed and amplified by Twitter and Facebook. #TwitterCensorship,1,18,1.0,1.0
9,"#SaveOurSeas 2.0 will improve our nation's ability to respond to #marinedebris events, lead to greater international cooperation on preventing trash from reaching the oceans, and spark innovation to manage and possibly even reuse plastic waste.",1,18,1.0,1.0
0,Congratulations to Sergeant Major Thomas Payne on receiving the Medal of Honor today for his heroism during a 2015 prisoner rescue in Iraq. He's the first recipient of the award in the fight against ISIS. We're proud of and thankful for his service.,1,19,1.0,1.0
1,I’m extremely grateful the @SenateVA included my bill in to expand Fry Scholarships to spouses &amp; children of members of the National Guard and Reserves who died in the line of duty but whose deaths did not occur when the member was on active duty.,1,19,1.0,1.0
2,"While Democrats claim to be the modern-day champions of combating climate change, they also seem to be banking on perpetual sunshine and steady breezes to power their grid.

This unrealistic, politically driven approach irresponsibly puts families and communities at risk.",1,19,1.0,1.0
3,"We must come together to take action now, before we lose any more time to save lives and prevent costly mistakes.",0,19,1.0,1.0
4,"In our nation’s capital, mass protests are allowed, but church gatherings over 100 people are not. I joined @SenatorWicker legal brief arguing DC’s discrimination against houses of worship violates the 1st Amendment #ReligiousFreedom rights of @chbcdc worshipers.",1,19,1.0,1.0
5,"If qualifications are the only thing that matter, President Trump wouldn’t have vowed to only pick justices who would “terminate” our health care law.

Democrats will not stop fighting for Americans’ health care.",0,19,1.0,1.0
6,"Hey @brianschatz @CoryBooker @JeffMerkley it’s showtime. 

Let’s pick a race today where we get a big bang for the buck. Pivotal for Senate control and Electoral College. 

Also find a place where our $ can counteract McConnell’s dark money. 

And let’s set a big goal. 

Ready?",0,19,1.0,1.0
7,"My prayers and my deepest sympathies are with those who have lost loved ones, and those who are living with the long-term health repercussions of the virus.
 
It didn’t have to be this way.",0,19,1.0,1.0
8,News stories with unnamed sources and leaked information about @realDonaldTrump are allowed and amplified by Twitter and Facebook. #TwitterCensorship,1,19,1.0,1.0
9,"#SaveOurSeas 2.0 will improve our nation's ability to respond to #marinedebris events, lead to greater international cooperation on preventing trash from reaching the oceans, and spark innovation to manage and possibly even reuse plastic waste.",1,19,1.0,1.0
