id,text,annotation,iteration,ka_mean,ka_lower,ka_upper
0,"concessionary public-transport fares free TV licences for the over-75s AND FREE EYE TESTS AND PRESCRIPTIONS. Saving for pensions. As a country, we need to save more for retirement - individuals, employers, and the Government will all need to play their part. We will support ten million low-and middle-income people to build up savings through automatic enrolment in occupational pensions and new Personal Pension Accounts, ensuring that everyone in work is entitled to matched contributions from employers and government.",0,0,,,
1,Pay travelling costs for patients who cannot afford transport out of their districts Appoint more hospital doctors and negotiate with consultants so that they give priority to their NHS waiting lists rather than on private practice ENSURE AN INCREASED NUMBER OF PLACES IN LOCAL HOSPITALS FOR CONVALESCENCE AND COMMUNITY CARE TO RELEASE BEDS FOR ACUTE TREATMENT. GPs will need to have full computerised information on waiting lists when they make their first referrals. There are already substantial funds within the NHS for computerisation and the Alliance will ensure all GPs can be linked to hospitals nation-wide.,0,0,,,
2,"New capital investment building up to £1.5 billion per annum will support the framework of services on which industry and society depend, like transport, homes, schools, hospitals and drainage. We will give more spending power to the poorest people in our society, which will itself generate more economic activity with much less impact on imports than general cuts in income tax WE WILL CONTROL INFLATION BY WINNING THE SUPPORT OF THE BRITISH PEOPLE FOR OUR INCOMES STRATEGY as a back-up we will legislate for reserve powers for a counter-inflation tax on companies under which inflationary increases would be unattractive because they would go in extra tax: profit-sharing would be exempted. We would introduce fairer arrangements for public sector pay, with an independent pay and information board whose findings would inform and assist negotiations, arbitration procedures and incentives to negotiate no-strike agreements in essential services",0,0,,,
3,"Labour is pledged to create a new Working Age Agency, JobCentre Plus, merging the old Employment Service and Benefits Agency, and focusing on the key skill needs of areas of the country and sectors of the economy. Whoever you are, wherever you live, you will get the opportunities suited to your needs from one office, one adviser, one system. THE NEW DEALS FOR YOUNG PEOPLE AND OLDER WORKERS WILL FOCUS ON NUMERACY, LITERACY, IT SKILLS AND PRESENTATION. Where people are homeless or suffer drug or mental health problems we will offer specialist support. More than 140,000 adults aged over 25 have been unemployed for over 18 months.",0,0,,,
4,Education spending that was 4.7 per cent of national income in 1997 will rise to 5.5 per cent this year. We will continue to raise the share of national income devoted to education. AND WE WILL CONTINUE TO RECOGNISE THE ADDITIONAL NEEDS OF DISADVANTAGED PUPILS. We will also ensure fundamental reform in the way the money is spent. Funding will be allocated on a multi-year timescale.,0,0,,,
5,"We will:  Protect workers on low incomes by reviewing the national minimum wage annually on the basis of recommendations from the Low Pay Commission. The minimum wage has proved an effective way of protecting workers on low incomes, without causing damage to business. WE BELIEVE IT IS WRONG TO SET A LOWER RATE MINIMUM WAGE FOR WORKERS UNDER 21. We will set the same rate for all people aged 16 and over. Alleviate child poverty by paying an additional £200 per year to all families with children who have been on income support for more than a year.",0,0,,,
6,"The new Conservative policies met bitter resistance every step of the way. Remember: The year-long coal strike, with its violence and intimidation on a massive scale. IT FAILED AND MINING PRODUCTIVITY HAS SINCE SOARED. The battle we had to fight to ensure that Britain paid no more than its fair share of the European Community Budget. We now get automatic rebates - this year, over £1.3 billion.",1,0,,,
7,Widows and widowers find supporting children particularly difficult. Conservatives will give extra help to all widows and widowers with dependent children by removing tax on the Widowed Mother's Allowance and the new Widowed Parent's Allowance. THIS WILL PROVIDE A VALUABLE INCREASE OF UP TO £20 PER WEEK IN WIDOWED PARENTS'INCOME. It is right to boost the incomes of families with modest earnings. We will reform the Working Families Tax Credit so it is once more paid as a benefit direct to the caring parent.,1,0,,,
8,"We will introduce deposit refund schemes and back EU-wide standards for product design, energy efficiency and reuse. Help people to choose environmentally friendly products. WE WILL PRESS FOR COMPREHENSIVE AND UNDERSTANDABLE EU-WIDE ECOLOGICALLY FRIENDLY AND ENERGY EFFICIENT LABELLING SCHEMES. Promoting animal welfare. The way a society treats animals is a measure of its civilisation. We will: Promote animal welfare.",0,0,,,
9,"We will give them that chance. Our plans for the railways are designed to bring better services for all passengers as rapidly as possible. WE BELIEVE THAT FRANCHISING PROVIDES THE BEST WAY OF ACHIEVING THAT. Long term, as performance improves and services become more commercially attractive as a result of bringing in private sector disciplines, it will make sense to consider whether some services can be sold outright. In the next Parliament: By franchising, we will give the private sector the fullest opportunity to operate existing passenger railway services.",1,0,,,
10,"In 1994 the UK lost 300,000 working days through strikes, the lowest figure ever recorded in 1979 the figure was 29,500,000: nearly 100 times that figure. BRITAIN RANKS FIFTH IN THE WORLD IN INTERNATIONAL TRADE, AND EXPORTS MORE PER HEAD THAN AMERICA OR JAPAN. Exports account for 28% of GDP as against 9% for Japan, 11 % for USA and 24% for Germany and France. Britain's current account is broadly in balance, reflecting our increased competitiveness and improved trading.",1,0,,,
11,"The European Bank for Reconstruction and Development is now based in London. It puts us in the forefront of encouraging investment in the developing markets of Central and Eastern Europe. SERVICE INDUSTRIES MAKE A VITAL CONTRIBUTION TO OUR ECONOMY AND TO OUR BALANCE OF PAYMENTS. Tourism, for example, today employs 1.5 million people, 20% more than in 1980. It is an industry which boasts many famous companies - but it is also driven by the dynamism of many small firms.",1,0,,,
12,"We will also examine the interaction of the tax and benefits systems so that they can be streamlined and modernised, so as to fulfil our objectives of promoting work incentives, reducing poverty and welfare dependency, and strengthening community and family life. No risks with inflation. We will match the current target for low and stable inflation of 2.5 per cent or less. WE WILL REFORM THE BANK OF ENGLAND TO ENSURE THAT DECISION-MAKING ON MONETARY POLICY IS MORE EFFECTIVE, OPEN, ACCOUNTABLE AND FREE FROM SHORT-TERM POLITICAL MANIPULATION. Strict rules for government borrowing. We will enforce the 'golden rule' of public spending - over the economic cycle, we will only borrow to invest and not to fund current expenditure. We will ensure that - over the economic cycle - public debt as a proportion of national income is at a stable and prudent level.",1,0,,,
13,"Lower taxation coupled with lower inflation makes everyone better off. It encourages people to work harder, to be inventive and to take risks. IT PROMOTES A CLIMATE OF ENTERPRISE AND INITIATIVE. Lower tax on earnings enables people to build up savings to give them financial security in later life. Lower taxation, by increasing take-home pay without adding to industry's costs, improves competitiveness and helps with jobs.",1,0,,,
14,"The attorney general's power to appeal unduly lenient sentences will be extended. The prison service now faces serious financial problems. WE WILL AUDIT THE RESOURCES AVAILABLE, TAKE PROPER MINISTERIAL RESPONSIBILITY FOR THE SERVICE, AND SEEK TO ENSURE THAT PRISON REGIMES ARE CONSTRUCTIVE AND REQUIRE INMATES TO FACE UP TO THEIR OFFENDING BEHAVIOUR. Disorder. The Conservatives have forgotten the 'order' part of 'law and order'. We will tackle the unacceptable level of anti-social behaviour and crime on our streets.",1,0,,,
15,We will ensure that self-financing commercial organisations within the public sector - the Post Office is a prime example - are given greater commercial freedom to make the most of new opportunities. Backing small business. The number of small employers has declined by half a million since 1990. SUPPORT FOR SMALL BUSINESSES WILL HAVE A MAJOR ROLE IN OUR PLANS FOR ECONOMIC GROWTH. We will cut unnecessary red tape; provide for statutory interest on late payment of debts;,1,0,,,
16,"Photo caption: More jobs, more dignity, more wealth Tony Blair with construction workers in North Tyneside. INVESTMENT AND REFORM. PUBLIC SERVICES: INVESTMENT AND REFORM. RENEWAL OF OUR PUBLIC SERVICES IS AT THE CENTRE OF NEW LABOUR'S MANIFESTO. A single aim drives our policy programme: to liberate people's potential, by spreading power, wealth and opportunity more widely, breaking down the barriers that hold people back. But this is only possible on the continued foundation of economic stability: mortgages as low as possible, low inflation and sound public finances.",0,0,,,
17,The integrity of our 6 and 12 mile fishing limits is not negotiable. We reject any idea of a single European fishing fleet. WE BELIEVE THAT FISHERMEN SHOULD HAVE MORE SAY IN DECISIONS AFFECTING THEIR INDUSTRY. We will press the European Commission to establish regional committees to give fishermen a direct influence in fishing policy. We will use these committees to develop new ways of managing quotas and regulating fisheries which are more sensitive to the industry's needs.,1,0,,,
18,"We will give local authorities the power to improve the co-ordination of local bus services and to reopen closed railway stations, in co-operation with Railtrack. Strengthen the network of rural sub-post offices and village shops. WE WILL ENCOURAGE THE POST OFFICE TO INVEST IN NEW POINT OF SALE TECHNOLOGIES, IN ORDER TO PROVIDE ACCESS, THROUGH SUB-POST OFFICES, TO A WIDE RANGE OF CUSTOMER SERVICES. Where post offices and village shops which are vital to their local community are threatened, we will enable local Councils to support them with up to 100 per cent rate relief. Protect the countryside.",0,0,,,
19,"Britain is in the vanguard. Everyone else wants to learn from our vision of a smaller state doing fewer things and doing them better. OLD STYLE PUBLIC SERVICES WERE CENTRALLY PLANNED WITH LITTLE INFORMATION OR CHOICE FOR THE PUBLIC WHO USED THE SERVICE. Our reforms have made these services more responsive to the public by breaking up cumbersome bureaucratic structures and shifting power to small responsive local institutions and the people who work in them. The schools, hospitals and police have all been transformed in this way.",1,0,,,
20,"Boards will become more representative of the local communities they serve. A new patients' charter will concentrate on the quality and success of treatment. THE TORIES' SO-CALLED 'EFFICIENCY INDEX' COUNTS THE NUMBER OF PATIENT 'EPISODES', NOT THE QUALITY OR SUCCESS OF TREATMENT. With Labour, the measure will be quality of outcome, itself an incentive for effectiveness. As part of our concern to ensure quality, we will work towards the elimination of mixed-sex wards.",0,0,,,
21,"As a party committed to the family and opposed to the over-powerful State, we want people to keep more of what they earn, and to have more freedom of choice about what they do for themselves, their families and for others less fortunate. Governments should trust people to spend their own money sensibly and decently HIGH TAXATION PREVENTS THEM DOING SO. That is why we have: cut the basic rate of tax from 33p to 27p in the £, and increased the personal allowances (the starting point for paying tax) by 22 per cent more than inflation. If Labour's tax regime were still in force, the family man on average earnings would today be paying more than £500 per year in extra income tax: a headmaster married to a nurse would be paying more than £1,300 extra",1,0,,,
22,"The maximum limit on single charitable gifts qualifying for Income and Corporation Tax relief has been abolished. The new Charities legislation will ensure that charities are better managed and properly regulated. WE BELIEVE THIS WILL ENHANCE PUBLIC CONFIDENCE IN CHARITIES AND FURTHER BOOST CHARITABLE GIVING. The Government gives some £2,500 million a year to support the activities of the voluntary sector (including housing associations). Industry has been generous with its sponsorship and with technical support.",1,0,,,
23,"Between 1992 and 1995 housing associations provided 178,000 new lettings - 25,000 more than promised in the 1992 Manifesto. There are now around 10 million private shareholders, up from about 3 million at the time of the last Labour government. 2.5 MILLION PEOPLE NOW HAVE TAX FREE SAVINGS IN PEP ACCOUNTS, AND 4.5 MILLION IN TESSAS. Since 1979, the success of private pension provision has raised the average income of pensioners by 60% more than inflation. Almost 90% of recently retired pensioners now have incomes over and above state benefits.",1,0,,,
24,"The core public responsibilities of the Underground would be threatened. Labour plans a new public/private partnership to improve the Underground, safeguard its commitment to the public interest and guarantee value for money to taxpayers and passengers. ROAD TRANSPORT. A BALANCED TRANSPORT SYSTEM MUST CATER FOR ALL THE FAMILIAR MODES OF TRANSPORT: CARS - WHETHER OWNED, LEASED OR SHARED; taxis; buses;",0,0,,,
25,"The Second Stage. The next stage will be to implement our structural changes to the tax and benefit systems. We will replace income support and family credit by a new basic benefit for those in or out of work. BASIC BENEFIT ENTITLEMENT WILL BE GRADUALLY REDUCED AS INCOME RISES. Child benefit will be payable to all alike, whether they are in or out of work. We will introduce legislation to merge the tax and benefits systems, and employees' NICs with income tax at a high threshold.",0,0,,,
26,"The modern role for government - the case for a modern employment and skills policy - is to equip people to succeed, to be on their side, helping them become more skilled, adaptable and flexible for the job ahead rather than the old Tory way of walking away leaving people unaided to face change. Successful manufacturing industries are vital to our future prosperity. THE LABOUR GOVERNMENT BACKS MANUFACTURING: FROM LAUNCH INVESTMENT FOR AIRBUS A380 SUPER JUMBO TO THE SUCCESSFUL MANUFACTURING ADVISORY SERVICE HELPING 13,000 OF OUR SMALLER MANUFACTURING BUSINESSES IN ITS FIRST YEAR. In a third term we will continue to do so. Public procurement is a big opportunity for business in Britain and the source of many jobs.",0,0,,,
27,"We will extend the voluntary Job Release Scheme to men over 60 so that those who want to retire early vacate jobs for those who are currently unemployed. This could take as many as 160,000 people out of unemployment and into work. THE ANTI-POVERTY PROGRAMME. THE SPREAD OF POVERTY IN THE PAST EIGHT YEARS HAS STAINED THE WHOLE NATION, AND WIDENED MISERY AND DISADVANTAGE AMONGST OLD AND YOUNG. Much of it is the result of deliberate government policies. Millions of poor people endure it in despair.",0,0,,,
28,"We want the patient to have more information about services available from family doctors so that they can make a more informed choice. Social Security - a Fair Deal for Those in Need. We are spending about £46 billion this year on social security benefits over £800 a year for every man, woman and child in the country. EXPENDITURE ON PENSIONS AND OTHER BENEFITS HAS RISEN BY £13 BILLION ON TOP OF INFLATION, SINCE WE CAME INTO OFFICE. Most of this, an extra £9 billion, has gone to provide better standards of help and support to more elderly people, families with children, disabled people and those suffering long-term illness. The other £4 billion has gone to help the unemployed.",1,0,,,
29,"But we must drive inflation down so low that it no longer affects the decisions made by ordinary people, businesses and government. When inflation rises, so do bankruptcies. WHEN INFLATION FALLS, INDUSTRY CAN PLAN AGAIN FOR A PROFITABLE FUTURE. Inflation creates strife, as different groups in society struggle to restore their living standards. It destroys jobs.",1,0,,,
30,"Create a new Ministry of Science and Technology to promote a major increase in research and development. It will co-ordinate the activities and budgets of government departments involved in these areas and will encourage, in conjunction with industry and the scientific community, the full application of science to industrial processes and products. WE SHALL EXTEND SOCIAL OWNERSHIP BY A VARIETY OF MEANS, AS SET OUT IN LABOUR'S DETAILED PROPOSALS. In particular, we will set up British Enterprise, to take a socially owned stake in high-tech industries and other concerns where public funds are used to strengthen investment. Social ownership of basic utilities like gas and water is vital to ensure that every individual has access to their use and that the companies contribute to Britain's industrial recovery, for instance, by buying British.",0,0,,,
31,"Labour's policy for new rights and responsibilities means legislation to foster good industrial relations and democratic participation in industry and trade unions. We believe that the law should be used to enlarge, not diminish, the freedom of workers to control their environment. WE WILL: REPLACE TORY LEGISLATION THAT GIVES EMPLOYERS AND NON-UNIONISTS THE MEANS TO FRUSTRATE LEGITIMATE TRADE UNION ACTIVITY. New laws will strengthen the legal rights of representation, bargaining and trade unionism that are essential in a modern democracy. Improve the protection available against unfair dismissal.",0,0,,,
32,"Our aim is to ensure that anyone who is unemployed for more than six months has a choice of job experience or training. We will also help the people often left out of good training opportunities, including the disabled, women returning after caring for children, and those with special educational needs. EXPANDED CHILDCARE WILL HELP WOMEN RETURN TO WORK AND UNDERTAKE TRAINING. A critical task is to upgrade the skills of people in work. Training and Enterprise Councils will be retained, reformed and made more broadly representative of their local communities and given stable budgets.",0,0,,,
0,"concessionary public-transport fares free TV licences for the over-75s AND FREE EYE TESTS AND PRESCRIPTIONS. Saving for pensions. As a country, we need to save more for retirement - individuals, employers, and the Government will all need to play their part. We will support ten million low-and middle-income people to build up savings through automatic enrolment in occupational pensions and new Personal Pension Accounts, ensuring that everyone in work is entitled to matched contributions from employers and government.",0,1,0.9394995730785286,0.8067226890756303,1.0
1,Pay travelling costs for patients who cannot afford transport out of their districts Appoint more hospital doctors and negotiate with consultants so that they give priority to their NHS waiting lists rather than on private practice ENSURE AN INCREASED NUMBER OF PLACES IN LOCAL HOSPITALS FOR CONVALESCENCE AND COMMUNITY CARE TO RELEASE BEDS FOR ACUTE TREATMENT. GPs will need to have full computerised information on waiting lists when they make their first referrals. There are already substantial funds within the NHS for computerisation and the Alliance will ensure all GPs can be linked to hospitals nation-wide.,0,1,0.9394995730785286,0.8067226890756303,1.0
2,"New capital investment building up to £1.5 billion per annum will support the framework of services on which industry and society depend, like transport, homes, schools, hospitals and drainage. We will give more spending power to the poorest people in our society, which will itself generate more economic activity with much less impact on imports than general cuts in income tax WE WILL CONTROL INFLATION BY WINNING THE SUPPORT OF THE BRITISH PEOPLE FOR OUR INCOMES STRATEGY as a back-up we will legislate for reserve powers for a counter-inflation tax on companies under which inflationary increases would be unattractive because they would go in extra tax: profit-sharing would be exempted. We would introduce fairer arrangements for public sector pay, with an independent pay and information board whose findings would inform and assist negotiations, arbitration procedures and incentives to negotiate no-strike agreements in essential services",0,1,0.9394995730785286,0.8067226890756303,1.0
3,"Labour is pledged to create a new Working Age Agency, JobCentre Plus, merging the old Employment Service and Benefits Agency, and focusing on the key skill needs of areas of the country and sectors of the economy. Whoever you are, wherever you live, you will get the opportunities suited to your needs from one office, one adviser, one system. THE NEW DEALS FOR YOUNG PEOPLE AND OLDER WORKERS WILL FOCUS ON NUMERACY, LITERACY, IT SKILLS AND PRESENTATION. Where people are homeless or suffer drug or mental health problems we will offer specialist support. More than 140,000 adults aged over 25 have been unemployed for over 18 months.",0,1,0.9394995730785286,0.8067226890756303,1.0
4,Education spending that was 4.7 per cent of national income in 1997 will rise to 5.5 per cent this year. We will continue to raise the share of national income devoted to education. AND WE WILL CONTINUE TO RECOGNISE THE ADDITIONAL NEEDS OF DISADVANTAGED PUPILS. We will also ensure fundamental reform in the way the money is spent. Funding will be allocated on a multi-year timescale.,0,1,0.9394995730785286,0.8067226890756303,1.0
5,"We will:  Protect workers on low incomes by reviewing the national minimum wage annually on the basis of recommendations from the Low Pay Commission. The minimum wage has proved an effective way of protecting workers on low incomes, without causing damage to business. WE BELIEVE IT IS WRONG TO SET A LOWER RATE MINIMUM WAGE FOR WORKERS UNDER 21. We will set the same rate for all people aged 16 and over. Alleviate child poverty by paying an additional £200 per year to all families with children who have been on income support for more than a year.",0,1,0.9394995730785286,0.8067226890756303,1.0
6,"The new Conservative policies met bitter resistance every step of the way. Remember: The year-long coal strike, with its violence and intimidation on a massive scale. IT FAILED AND MINING PRODUCTIVITY HAS SINCE SOARED. The battle we had to fight to ensure that Britain paid no more than its fair share of the European Community Budget. We now get automatic rebates - this year, over £1.3 billion.",1,1,0.9394995730785286,0.8067226890756303,1.0
7,Widows and widowers find supporting children particularly difficult. Conservatives will give extra help to all widows and widowers with dependent children by removing tax on the Widowed Mother's Allowance and the new Widowed Parent's Allowance. THIS WILL PROVIDE A VALUABLE INCREASE OF UP TO £20 PER WEEK IN WIDOWED PARENTS'INCOME. It is right to boost the incomes of families with modest earnings. We will reform the Working Families Tax Credit so it is once more paid as a benefit direct to the caring parent.,1,1,0.9394995730785286,0.8067226890756303,1.0
8,"We will introduce deposit refund schemes and back EU-wide standards for product design, energy efficiency and reuse. Help people to choose environmentally friendly products. WE WILL PRESS FOR COMPREHENSIVE AND UNDERSTANDABLE EU-WIDE ECOLOGICALLY FRIENDLY AND ENERGY EFFICIENT LABELLING SCHEMES. Promoting animal welfare. The way a society treats animals is a measure of its civilisation. We will: Promote animal welfare.",0,1,0.9394995730785286,0.8067226890756303,1.0
9,"We will give them that chance. Our plans for the railways are designed to bring better services for all passengers as rapidly as possible. WE BELIEVE THAT FRANCHISING PROVIDES THE BEST WAY OF ACHIEVING THAT. Long term, as performance improves and services become more commercially attractive as a result of bringing in private sector disciplines, it will make sense to consider whether some services can be sold outright. In the next Parliament: By franchising, we will give the private sector the fullest opportunity to operate existing passenger railway services.",1,1,0.9394995730785286,0.8067226890756303,1.0
10,"In 1994 the UK lost 300,000 working days through strikes, the lowest figure ever recorded in 1979 the figure was 29,500,000: nearly 100 times that figure. BRITAIN RANKS FIFTH IN THE WORLD IN INTERNATIONAL TRADE, AND EXPORTS MORE PER HEAD THAN AMERICA OR JAPAN. Exports account for 28% of GDP as against 9% for Japan, 11 % for USA and 24% for Germany and France. Britain's current account is broadly in balance, reflecting our increased competitiveness and improved trading.",1,1,0.9394995730785286,0.8067226890756303,1.0
11,"The European Bank for Reconstruction and Development is now based in London. It puts us in the forefront of encouraging investment in the developing markets of Central and Eastern Europe. SERVICE INDUSTRIES MAKE A VITAL CONTRIBUTION TO OUR ECONOMY AND TO OUR BALANCE OF PAYMENTS. Tourism, for example, today employs 1.5 million people, 20% more than in 1980. It is an industry which boasts many famous companies - but it is also driven by the dynamism of many small firms.",1,1,0.9394995730785286,0.8067226890756303,1.0
12,"We will also examine the interaction of the tax and benefits systems so that they can be streamlined and modernised, so as to fulfil our objectives of promoting work incentives, reducing poverty and welfare dependency, and strengthening community and family life. No risks with inflation. We will match the current target for low and stable inflation of 2.5 per cent or less. WE WILL REFORM THE BANK OF ENGLAND TO ENSURE THAT DECISION-MAKING ON MONETARY POLICY IS MORE EFFECTIVE, OPEN, ACCOUNTABLE AND FREE FROM SHORT-TERM POLITICAL MANIPULATION. Strict rules for government borrowing. We will enforce the 'golden rule' of public spending - over the economic cycle, we will only borrow to invest and not to fund current expenditure. We will ensure that - over the economic cycle - public debt as a proportion of national income is at a stable and prudent level.",1,1,0.9394995730785286,0.8067226890756303,1.0
13,"Lower taxation coupled with lower inflation makes everyone better off. It encourages people to work harder, to be inventive and to take risks. IT PROMOTES A CLIMATE OF ENTERPRISE AND INITIATIVE. Lower tax on earnings enables people to build up savings to give them financial security in later life. Lower taxation, by increasing take-home pay without adding to industry's costs, improves competitiveness and helps with jobs.",1,1,0.9394995730785286,0.8067226890756303,1.0
14,"The attorney general's power to appeal unduly lenient sentences will be extended. The prison service now faces serious financial problems. WE WILL AUDIT THE RESOURCES AVAILABLE, TAKE PROPER MINISTERIAL RESPONSIBILITY FOR THE SERVICE, AND SEEK TO ENSURE THAT PRISON REGIMES ARE CONSTRUCTIVE AND REQUIRE INMATES TO FACE UP TO THEIR OFFENDING BEHAVIOUR. Disorder. The Conservatives have forgotten the 'order' part of 'law and order'. We will tackle the unacceptable level of anti-social behaviour and crime on our streets.",1,1,0.9394995730785286,0.8067226890756303,1.0
15,We will ensure that self-financing commercial organisations within the public sector - the Post Office is a prime example - are given greater commercial freedom to make the most of new opportunities. Backing small business. The number of small employers has declined by half a million since 1990. SUPPORT FOR SMALL BUSINESSES WILL HAVE A MAJOR ROLE IN OUR PLANS FOR ECONOMIC GROWTH. We will cut unnecessary red tape; provide for statutory interest on late payment of debts;,1,1,0.9394995730785286,0.8067226890756303,1.0
16,"Photo caption: More jobs, more dignity, more wealth Tony Blair with construction workers in North Tyneside. INVESTMENT AND REFORM. PUBLIC SERVICES: INVESTMENT AND REFORM. RENEWAL OF OUR PUBLIC SERVICES IS AT THE CENTRE OF NEW LABOUR'S MANIFESTO. A single aim drives our policy programme: to liberate people's potential, by spreading power, wealth and opportunity more widely, breaking down the barriers that hold people back. But this is only possible on the continued foundation of economic stability: mortgages as low as possible, low inflation and sound public finances.",0,1,0.9394995730785286,0.8067226890756303,1.0
17,The integrity of our 6 and 12 mile fishing limits is not negotiable. We reject any idea of a single European fishing fleet. WE BELIEVE THAT FISHERMEN SHOULD HAVE MORE SAY IN DECISIONS AFFECTING THEIR INDUSTRY. We will press the European Commission to establish regional committees to give fishermen a direct influence in fishing policy. We will use these committees to develop new ways of managing quotas and regulating fisheries which are more sensitive to the industry's needs.,1,1,0.9394995730785286,0.8067226890756303,1.0
18,"We will give local authorities the power to improve the co-ordination of local bus services and to reopen closed railway stations, in co-operation with Railtrack. Strengthen the network of rural sub-post offices and village shops. WE WILL ENCOURAGE THE POST OFFICE TO INVEST IN NEW POINT OF SALE TECHNOLOGIES, IN ORDER TO PROVIDE ACCESS, THROUGH SUB-POST OFFICES, TO A WIDE RANGE OF CUSTOMER SERVICES. Where post offices and village shops which are vital to their local community are threatened, we will enable local Councils to support them with up to 100 per cent rate relief. Protect the countryside.",0,1,0.9394995730785286,0.8067226890756303,1.0
19,"Britain is in the vanguard. Everyone else wants to learn from our vision of a smaller state doing fewer things and doing them better. OLD STYLE PUBLIC SERVICES WERE CENTRALLY PLANNED WITH LITTLE INFORMATION OR CHOICE FOR THE PUBLIC WHO USED THE SERVICE. Our reforms have made these services more responsive to the public by breaking up cumbersome bureaucratic structures and shifting power to small responsive local institutions and the people who work in them. The schools, hospitals and police have all been transformed in this way.",1,1,0.9394995730785286,0.8067226890756303,1.0
20,"Boards will become more representative of the local communities they serve. A new patients' charter will concentrate on the quality and success of treatment. THE TORIES' SO-CALLED 'EFFICIENCY INDEX' COUNTS THE NUMBER OF PATIENT 'EPISODES', NOT THE QUALITY OR SUCCESS OF TREATMENT. With Labour, the measure will be quality of outcome, itself an incentive for effectiveness. As part of our concern to ensure quality, we will work towards the elimination of mixed-sex wards.",0,1,0.9394995730785286,0.8067226890756303,1.0
21,"As a party committed to the family and opposed to the over-powerful State, we want people to keep more of what they earn, and to have more freedom of choice about what they do for themselves, their families and for others less fortunate. Governments should trust people to spend their own money sensibly and decently HIGH TAXATION PREVENTS THEM DOING SO. That is why we have: cut the basic rate of tax from 33p to 27p in the £, and increased the personal allowances (the starting point for paying tax) by 22 per cent more than inflation. If Labour's tax regime were still in force, the family man on average earnings would today be paying more than £500 per year in extra income tax: a headmaster married to a nurse would be paying more than £1,300 extra",1,1,0.9394995730785286,0.8067226890756303,1.0
22,"The maximum limit on single charitable gifts qualifying for Income and Corporation Tax relief has been abolished. The new Charities legislation will ensure that charities are better managed and properly regulated. WE BELIEVE THIS WILL ENHANCE PUBLIC CONFIDENCE IN CHARITIES AND FURTHER BOOST CHARITABLE GIVING. The Government gives some £2,500 million a year to support the activities of the voluntary sector (including housing associations). Industry has been generous with its sponsorship and with technical support.",1,1,0.9394995730785286,0.8067226890756303,1.0
23,"Between 1992 and 1995 housing associations provided 178,000 new lettings - 25,000 more than promised in the 1992 Manifesto. There are now around 10 million private shareholders, up from about 3 million at the time of the last Labour government. 2.5 MILLION PEOPLE NOW HAVE TAX FREE SAVINGS IN PEP ACCOUNTS, AND 4.5 MILLION IN TESSAS. Since 1979, the success of private pension provision has raised the average income of pensioners by 60% more than inflation. Almost 90% of recently retired pensioners now have incomes over and above state benefits.",1,1,0.9394995730785286,0.8067226890756303,1.0
24,"The core public responsibilities of the Underground would be threatened. Labour plans a new public/private partnership to improve the Underground, safeguard its commitment to the public interest and guarantee value for money to taxpayers and passengers. ROAD TRANSPORT. A BALANCED TRANSPORT SYSTEM MUST CATER FOR ALL THE FAMILIAR MODES OF TRANSPORT: CARS - WHETHER OWNED, LEASED OR SHARED; taxis; buses;",0,1,0.9394995730785286,0.8067226890756303,1.0
25,"The Second Stage. The next stage will be to implement our structural changes to the tax and benefit systems. We will replace income support and family credit by a new basic benefit for those in or out of work. BASIC BENEFIT ENTITLEMENT WILL BE GRADUALLY REDUCED AS INCOME RISES. Child benefit will be payable to all alike, whether they are in or out of work. We will introduce legislation to merge the tax and benefits systems, and employees' NICs with income tax at a high threshold.",1,1,0.9394995730785286,0.8067226890756303,1.0
26,"The modern role for government - the case for a modern employment and skills policy - is to equip people to succeed, to be on their side, helping them become more skilled, adaptable and flexible for the job ahead rather than the old Tory way of walking away leaving people unaided to face change. Successful manufacturing industries are vital to our future prosperity. THE LABOUR GOVERNMENT BACKS MANUFACTURING: FROM LAUNCH INVESTMENT FOR AIRBUS A380 SUPER JUMBO TO THE SUCCESSFUL MANUFACTURING ADVISORY SERVICE HELPING 13,000 OF OUR SMALLER MANUFACTURING BUSINESSES IN ITS FIRST YEAR. In a third term we will continue to do so. Public procurement is a big opportunity for business in Britain and the source of many jobs.",0,1,0.9394995730785286,0.8067226890756303,1.0
27,"We will extend the voluntary Job Release Scheme to men over 60 so that those who want to retire early vacate jobs for those who are currently unemployed. This could take as many as 160,000 people out of unemployment and into work. THE ANTI-POVERTY PROGRAMME. THE SPREAD OF POVERTY IN THE PAST EIGHT YEARS HAS STAINED THE WHOLE NATION, AND WIDENED MISERY AND DISADVANTAGE AMONGST OLD AND YOUNG. Much of it is the result of deliberate government policies. Millions of poor people endure it in despair.",0,1,0.9394995730785286,0.8067226890756303,1.0
28,"We want the patient to have more information about services available from family doctors so that they can make a more informed choice. Social Security - a Fair Deal for Those in Need. We are spending about £46 billion this year on social security benefits over £800 a year for every man, woman and child in the country. EXPENDITURE ON PENSIONS AND OTHER BENEFITS HAS RISEN BY £13 BILLION ON TOP OF INFLATION, SINCE WE CAME INTO OFFICE. Most of this, an extra £9 billion, has gone to provide better standards of help and support to more elderly people, families with children, disabled people and those suffering long-term illness. The other £4 billion has gone to help the unemployed.",1,1,0.9394995730785286,0.8067226890756303,1.0
29,"But we must drive inflation down so low that it no longer affects the decisions made by ordinary people, businesses and government. When inflation rises, so do bankruptcies. WHEN INFLATION FALLS, INDUSTRY CAN PLAN AGAIN FOR A PROFITABLE FUTURE. Inflation creates strife, as different groups in society struggle to restore their living standards. It destroys jobs.",1,1,0.9394995730785286,0.8067226890756303,1.0
30,"Create a new Ministry of Science and Technology to promote a major increase in research and development. It will co-ordinate the activities and budgets of government departments involved in these areas and will encourage, in conjunction with industry and the scientific community, the full application of science to industrial processes and products. WE SHALL EXTEND SOCIAL OWNERSHIP BY A VARIETY OF MEANS, AS SET OUT IN LABOUR'S DETAILED PROPOSALS. In particular, we will set up British Enterprise, to take a socially owned stake in high-tech industries and other concerns where public funds are used to strengthen investment. Social ownership of basic utilities like gas and water is vital to ensure that every individual has access to their use and that the companies contribute to Britain's industrial recovery, for instance, by buying British.",0,1,0.9394995730785286,0.8067226890756303,1.0
31,"Labour's policy for new rights and responsibilities means legislation to foster good industrial relations and democratic participation in industry and trade unions. We believe that the law should be used to enlarge, not diminish, the freedom of workers to control their environment. WE WILL: REPLACE TORY LEGISLATION THAT GIVES EMPLOYERS AND NON-UNIONISTS THE MEANS TO FRUSTRATE LEGITIMATE TRADE UNION ACTIVITY. New laws will strengthen the legal rights of representation, bargaining and trade unionism that are essential in a modern democracy. Improve the protection available against unfair dismissal.",0,1,0.9394995730785286,0.8067226890756303,1.0
32,"Our aim is to ensure that anyone who is unemployed for more than six months has a choice of job experience or training. We will also help the people often left out of good training opportunities, including the disabled, women returning after caring for children, and those with special educational needs. EXPANDED CHILDCARE WILL HELP WOMEN RETURN TO WORK AND UNDERTAKE TRAINING. A critical task is to upgrade the skills of people in work. Training and Enterprise Councils will be retained, reformed and made more broadly representative of their local communities and given stable budgets.",0,1,0.9394995730785286,0.8067226890756303,1.0
0,"concessionary public-transport fares free TV licences for the over-75s AND FREE EYE TESTS AND PRESCRIPTIONS. Saving for pensions. As a country, we need to save more for retirement - individuals, employers, and the Government will all need to play their part. We will support ten million low-and middle-income people to build up savings through automatic enrolment in occupational pensions and new Personal Pension Accounts, ensuring that everyone in work is entitled to matched contributions from employers and government.",0,2,0.9580783865724837,0.9134615384615384,1.0
1,Pay travelling costs for patients who cannot afford transport out of their districts Appoint more hospital doctors and negotiate with consultants so that they give priority to their NHS waiting lists rather than on private practice ENSURE AN INCREASED NUMBER OF PLACES IN LOCAL HOSPITALS FOR CONVALESCENCE AND COMMUNITY CARE TO RELEASE BEDS FOR ACUTE TREATMENT. GPs will need to have full computerised information on waiting lists when they make their first referrals. There are already substantial funds within the NHS for computerisation and the Alliance will ensure all GPs can be linked to hospitals nation-wide.,0,2,0.9580783865724837,0.9134615384615384,1.0
2,"New capital investment building up to £1.5 billion per annum will support the framework of services on which industry and society depend, like transport, homes, schools, hospitals and drainage. We will give more spending power to the poorest people in our society, which will itself generate more economic activity with much less impact on imports than general cuts in income tax WE WILL CONTROL INFLATION BY WINNING THE SUPPORT OF THE BRITISH PEOPLE FOR OUR INCOMES STRATEGY as a back-up we will legislate for reserve powers for a counter-inflation tax on companies under which inflationary increases would be unattractive because they would go in extra tax: profit-sharing would be exempted. We would introduce fairer arrangements for public sector pay, with an independent pay and information board whose findings would inform and assist negotiations, arbitration procedures and incentives to negotiate no-strike agreements in essential services",0,2,0.9580783865724837,0.9134615384615384,1.0
3,"Labour is pledged to create a new Working Age Agency, JobCentre Plus, merging the old Employment Service and Benefits Agency, and focusing on the key skill needs of areas of the country and sectors of the economy. Whoever you are, wherever you live, you will get the opportunities suited to your needs from one office, one adviser, one system. THE NEW DEALS FOR YOUNG PEOPLE AND OLDER WORKERS WILL FOCUS ON NUMERACY, LITERACY, IT SKILLS AND PRESENTATION. Where people are homeless or suffer drug or mental health problems we will offer specialist support. More than 140,000 adults aged over 25 have been unemployed for over 18 months.",0,2,0.9580783865724837,0.9134615384615384,1.0
4,Education spending that was 4.7 per cent of national income in 1997 will rise to 5.5 per cent this year. We will continue to raise the share of national income devoted to education. AND WE WILL CONTINUE TO RECOGNISE THE ADDITIONAL NEEDS OF DISADVANTAGED PUPILS. We will also ensure fundamental reform in the way the money is spent. Funding will be allocated on a multi-year timescale.,0,2,0.9580783865724837,0.9134615384615384,1.0
5,"We will:  Protect workers on low incomes by reviewing the national minimum wage annually on the basis of recommendations from the Low Pay Commission. The minimum wage has proved an effective way of protecting workers on low incomes, without causing damage to business. WE BELIEVE IT IS WRONG TO SET A LOWER RATE MINIMUM WAGE FOR WORKERS UNDER 21. We will set the same rate for all people aged 16 and over. Alleviate child poverty by paying an additional £200 per year to all families with children who have been on income support for more than a year.",0,2,0.9580783865724837,0.9134615384615384,1.0
6,"The new Conservative policies met bitter resistance every step of the way. Remember: The year-long coal strike, with its violence and intimidation on a massive scale. IT FAILED AND MINING PRODUCTIVITY HAS SINCE SOARED. The battle we had to fight to ensure that Britain paid no more than its fair share of the European Community Budget. We now get automatic rebates - this year, over £1.3 billion.",1,2,0.9580783865724837,0.9134615384615384,1.0
7,Widows and widowers find supporting children particularly difficult. Conservatives will give extra help to all widows and widowers with dependent children by removing tax on the Widowed Mother's Allowance and the new Widowed Parent's Allowance. THIS WILL PROVIDE A VALUABLE INCREASE OF UP TO £20 PER WEEK IN WIDOWED PARENTS'INCOME. It is right to boost the incomes of families with modest earnings. We will reform the Working Families Tax Credit so it is once more paid as a benefit direct to the caring parent.,1,2,0.9580783865724837,0.9134615384615384,1.0
8,"We will introduce deposit refund schemes and back EU-wide standards for product design, energy efficiency and reuse. Help people to choose environmentally friendly products. WE WILL PRESS FOR COMPREHENSIVE AND UNDERSTANDABLE EU-WIDE ECOLOGICALLY FRIENDLY AND ENERGY EFFICIENT LABELLING SCHEMES. Promoting animal welfare. The way a society treats animals is a measure of its civilisation. We will: Promote animal welfare.",0,2,0.9580783865724837,0.9134615384615384,1.0
9,"We will give them that chance. Our plans for the railways are designed to bring better services for all passengers as rapidly as possible. WE BELIEVE THAT FRANCHISING PROVIDES THE BEST WAY OF ACHIEVING THAT. Long term, as performance improves and services become more commercially attractive as a result of bringing in private sector disciplines, it will make sense to consider whether some services can be sold outright. In the next Parliament: By franchising, we will give the private sector the fullest opportunity to operate existing passenger railway services.",1,2,0.9580783865724837,0.9134615384615384,1.0
10,"In 1994 the UK lost 300,000 working days through strikes, the lowest figure ever recorded in 1979 the figure was 29,500,000: nearly 100 times that figure. BRITAIN RANKS FIFTH IN THE WORLD IN INTERNATIONAL TRADE, AND EXPORTS MORE PER HEAD THAN AMERICA OR JAPAN. Exports account for 28% of GDP as against 9% for Japan, 11 % for USA and 24% for Germany and France. Britain's current account is broadly in balance, reflecting our increased competitiveness and improved trading.",1,2,0.9580783865724837,0.9134615384615384,1.0
11,"The European Bank for Reconstruction and Development is now based in London. It puts us in the forefront of encouraging investment in the developing markets of Central and Eastern Europe. SERVICE INDUSTRIES MAKE A VITAL CONTRIBUTION TO OUR ECONOMY AND TO OUR BALANCE OF PAYMENTS. Tourism, for example, today employs 1.5 million people, 20% more than in 1980. It is an industry which boasts many famous companies - but it is also driven by the dynamism of many small firms.",1,2,0.9580783865724837,0.9134615384615384,1.0
12,"We will also examine the interaction of the tax and benefits systems so that they can be streamlined and modernised, so as to fulfil our objectives of promoting work incentives, reducing poverty and welfare dependency, and strengthening community and family life. No risks with inflation. We will match the current target for low and stable inflation of 2.5 per cent or less. WE WILL REFORM THE BANK OF ENGLAND TO ENSURE THAT DECISION-MAKING ON MONETARY POLICY IS MORE EFFECTIVE, OPEN, ACCOUNTABLE AND FREE FROM SHORT-TERM POLITICAL MANIPULATION. Strict rules for government borrowing. We will enforce the 'golden rule' of public spending - over the economic cycle, we will only borrow to invest and not to fund current expenditure. We will ensure that - over the economic cycle - public debt as a proportion of national income is at a stable and prudent level.",1,2,0.9580783865724837,0.9134615384615384,1.0
13,"Lower taxation coupled with lower inflation makes everyone better off. It encourages people to work harder, to be inventive and to take risks. IT PROMOTES A CLIMATE OF ENTERPRISE AND INITIATIVE. Lower tax on earnings enables people to build up savings to give them financial security in later life. Lower taxation, by increasing take-home pay without adding to industry's costs, improves competitiveness and helps with jobs.",1,2,0.9580783865724837,0.9134615384615384,1.0
14,"The attorney general's power to appeal unduly lenient sentences will be extended. The prison service now faces serious financial problems. WE WILL AUDIT THE RESOURCES AVAILABLE, TAKE PROPER MINISTERIAL RESPONSIBILITY FOR THE SERVICE, AND SEEK TO ENSURE THAT PRISON REGIMES ARE CONSTRUCTIVE AND REQUIRE INMATES TO FACE UP TO THEIR OFFENDING BEHAVIOUR. Disorder. The Conservatives have forgotten the 'order' part of 'law and order'. We will tackle the unacceptable level of anti-social behaviour and crime on our streets.",1,2,0.9580783865724837,0.9134615384615384,1.0
15,We will ensure that self-financing commercial organisations within the public sector - the Post Office is a prime example - are given greater commercial freedom to make the most of new opportunities. Backing small business. The number of small employers has declined by half a million since 1990. SUPPORT FOR SMALL BUSINESSES WILL HAVE A MAJOR ROLE IN OUR PLANS FOR ECONOMIC GROWTH. We will cut unnecessary red tape; provide for statutory interest on late payment of debts;,1,2,0.9580783865724837,0.9134615384615384,1.0
16,"Photo caption: More jobs, more dignity, more wealth Tony Blair with construction workers in North Tyneside. INVESTMENT AND REFORM. PUBLIC SERVICES: INVESTMENT AND REFORM. RENEWAL OF OUR PUBLIC SERVICES IS AT THE CENTRE OF NEW LABOUR'S MANIFESTO. A single aim drives our policy programme: to liberate people's potential, by spreading power, wealth and opportunity more widely, breaking down the barriers that hold people back. But this is only possible on the continued foundation of economic stability: mortgages as low as possible, low inflation and sound public finances.",0,2,0.9580783865724837,0.9134615384615384,1.0
17,The integrity of our 6 and 12 mile fishing limits is not negotiable. We reject any idea of a single European fishing fleet. WE BELIEVE THAT FISHERMEN SHOULD HAVE MORE SAY IN DECISIONS AFFECTING THEIR INDUSTRY. We will press the European Commission to establish regional committees to give fishermen a direct influence in fishing policy. We will use these committees to develop new ways of managing quotas and regulating fisheries which are more sensitive to the industry's needs.,1,2,0.9580783865724837,0.9134615384615384,1.0
18,"We will give local authorities the power to improve the co-ordination of local bus services and to reopen closed railway stations, in co-operation with Railtrack. Strengthen the network of rural sub-post offices and village shops. WE WILL ENCOURAGE THE POST OFFICE TO INVEST IN NEW POINT OF SALE TECHNOLOGIES, IN ORDER TO PROVIDE ACCESS, THROUGH SUB-POST OFFICES, TO A WIDE RANGE OF CUSTOMER SERVICES. Where post offices and village shops which are vital to their local community are threatened, we will enable local Councils to support them with up to 100 per cent rate relief. Protect the countryside.",0,2,0.9580783865724837,0.9134615384615384,1.0
19,"Britain is in the vanguard. Everyone else wants to learn from our vision of a smaller state doing fewer things and doing them better. OLD STYLE PUBLIC SERVICES WERE CENTRALLY PLANNED WITH LITTLE INFORMATION OR CHOICE FOR THE PUBLIC WHO USED THE SERVICE. Our reforms have made these services more responsive to the public by breaking up cumbersome bureaucratic structures and shifting power to small responsive local institutions and the people who work in them. The schools, hospitals and police have all been transformed in this way.",1,2,0.9580783865724837,0.9134615384615384,1.0
20,"Boards will become more representative of the local communities they serve. A new patients' charter will concentrate on the quality and success of treatment. THE TORIES' SO-CALLED 'EFFICIENCY INDEX' COUNTS THE NUMBER OF PATIENT 'EPISODES', NOT THE QUALITY OR SUCCESS OF TREATMENT. With Labour, the measure will be quality of outcome, itself an incentive for effectiveness. As part of our concern to ensure quality, we will work towards the elimination of mixed-sex wards.",0,2,0.9580783865724837,0.9134615384615384,1.0
21,"As a party committed to the family and opposed to the over-powerful State, we want people to keep more of what they earn, and to have more freedom of choice about what they do for themselves, their families and for others less fortunate. Governments should trust people to spend their own money sensibly and decently HIGH TAXATION PREVENTS THEM DOING SO. That is why we have: cut the basic rate of tax from 33p to 27p in the £, and increased the personal allowances (the starting point for paying tax) by 22 per cent more than inflation. If Labour's tax regime were still in force, the family man on average earnings would today be paying more than £500 per year in extra income tax: a headmaster married to a nurse would be paying more than £1,300 extra",1,2,0.9580783865724837,0.9134615384615384,1.0
22,"The maximum limit on single charitable gifts qualifying for Income and Corporation Tax relief has been abolished. The new Charities legislation will ensure that charities are better managed and properly regulated. WE BELIEVE THIS WILL ENHANCE PUBLIC CONFIDENCE IN CHARITIES AND FURTHER BOOST CHARITABLE GIVING. The Government gives some £2,500 million a year to support the activities of the voluntary sector (including housing associations). Industry has been generous with its sponsorship and with technical support.",1,2,0.9580783865724837,0.9134615384615384,1.0
23,"Between 1992 and 1995 housing associations provided 178,000 new lettings - 25,000 more than promised in the 1992 Manifesto. There are now around 10 million private shareholders, up from about 3 million at the time of the last Labour government. 2.5 MILLION PEOPLE NOW HAVE TAX FREE SAVINGS IN PEP ACCOUNTS, AND 4.5 MILLION IN TESSAS. Since 1979, the success of private pension provision has raised the average income of pensioners by 60% more than inflation. Almost 90% of recently retired pensioners now have incomes over and above state benefits.",1,2,0.9580783865724837,0.9134615384615384,1.0
24,"The core public responsibilities of the Underground would be threatened. Labour plans a new public/private partnership to improve the Underground, safeguard its commitment to the public interest and guarantee value for money to taxpayers and passengers. ROAD TRANSPORT. A BALANCED TRANSPORT SYSTEM MUST CATER FOR ALL THE FAMILIAR MODES OF TRANSPORT: CARS - WHETHER OWNED, LEASED OR SHARED; taxis; buses;",0,2,0.9580783865724837,0.9134615384615384,1.0
25,"The Second Stage. The next stage will be to implement our structural changes to the tax and benefit systems. We will replace income support and family credit by a new basic benefit for those in or out of work. BASIC BENEFIT ENTITLEMENT WILL BE GRADUALLY REDUCED AS INCOME RISES. Child benefit will be payable to all alike, whether they are in or out of work. We will introduce legislation to merge the tax and benefits systems, and employees' NICs with income tax at a high threshold.",0,2,0.9580783865724837,0.9134615384615384,1.0
26,"The modern role for government - the case for a modern employment and skills policy - is to equip people to succeed, to be on their side, helping them become more skilled, adaptable and flexible for the job ahead rather than the old Tory way of walking away leaving people unaided to face change. Successful manufacturing industries are vital to our future prosperity. THE LABOUR GOVERNMENT BACKS MANUFACTURING: FROM LAUNCH INVESTMENT FOR AIRBUS A380 SUPER JUMBO TO THE SUCCESSFUL MANUFACTURING ADVISORY SERVICE HELPING 13,000 OF OUR SMALLER MANUFACTURING BUSINESSES IN ITS FIRST YEAR. In a third term we will continue to do so. Public procurement is a big opportunity for business in Britain and the source of many jobs.",0,2,0.9580783865724837,0.9134615384615384,1.0
27,"We will extend the voluntary Job Release Scheme to men over 60 so that those who want to retire early vacate jobs for those who are currently unemployed. This could take as many as 160,000 people out of unemployment and into work. THE ANTI-POVERTY PROGRAMME. THE SPREAD OF POVERTY IN THE PAST EIGHT YEARS HAS STAINED THE WHOLE NATION, AND WIDENED MISERY AND DISADVANTAGE AMONGST OLD AND YOUNG. Much of it is the result of deliberate government policies. Millions of poor people endure it in despair.",0,2,0.9580783865724837,0.9134615384615384,1.0
28,"We want the patient to have more information about services available from family doctors so that they can make a more informed choice. Social Security - a Fair Deal for Those in Need. We are spending about £46 billion this year on social security benefits over £800 a year for every man, woman and child in the country. EXPENDITURE ON PENSIONS AND OTHER BENEFITS HAS RISEN BY £13 BILLION ON TOP OF INFLATION, SINCE WE CAME INTO OFFICE. Most of this, an extra £9 billion, has gone to provide better standards of help and support to more elderly people, families with children, disabled people and those suffering long-term illness. The other £4 billion has gone to help the unemployed.",1,2,0.9580783865724837,0.9134615384615384,1.0
29,"But we must drive inflation down so low that it no longer affects the decisions made by ordinary people, businesses and government. When inflation rises, so do bankruptcies. WHEN INFLATION FALLS, INDUSTRY CAN PLAN AGAIN FOR A PROFITABLE FUTURE. Inflation creates strife, as different groups in society struggle to restore their living standards. It destroys jobs.",1,2,0.9580783865724837,0.9134615384615384,1.0
30,"Create a new Ministry of Science and Technology to promote a major increase in research and development. It will co-ordinate the activities and budgets of government departments involved in these areas and will encourage, in conjunction with industry and the scientific community, the full application of science to industrial processes and products. WE SHALL EXTEND SOCIAL OWNERSHIP BY A VARIETY OF MEANS, AS SET OUT IN LABOUR'S DETAILED PROPOSALS. In particular, we will set up British Enterprise, to take a socially owned stake in high-tech industries and other concerns where public funds are used to strengthen investment. Social ownership of basic utilities like gas and water is vital to ensure that every individual has access to their use and that the companies contribute to Britain's industrial recovery, for instance, by buying British.",0,2,0.9580783865724837,0.9134615384615384,1.0
31,"Labour's policy for new rights and responsibilities means legislation to foster good industrial relations and democratic participation in industry and trade unions. We believe that the law should be used to enlarge, not diminish, the freedom of workers to control their environment. WE WILL: REPLACE TORY LEGISLATION THAT GIVES EMPLOYERS AND NON-UNIONISTS THE MEANS TO FRUSTRATE LEGITIMATE TRADE UNION ACTIVITY. New laws will strengthen the legal rights of representation, bargaining and trade unionism that are essential in a modern democracy. Improve the protection available against unfair dismissal.",0,2,0.9580783865724837,0.9134615384615384,1.0
32,"Our aim is to ensure that anyone who is unemployed for more than six months has a choice of job experience or training. We will also help the people often left out of good training opportunities, including the disabled, women returning after caring for children, and those with special educational needs. EXPANDED CHILDCARE WILL HELP WOMEN RETURN TO WORK AND UNDERTAKE TRAINING. A critical task is to upgrade the skills of people in work. Training and Enterprise Councils will be retained, reformed and made more broadly representative of their local communities and given stable budgets.",0,2,0.9580783865724837,0.9134615384615384,1.0
